{
  "version": 1,
  "author": "Uri Shaked",
  "editor": "wokwi",
  "parts": [
    { "type": "wokwi-arduino-uno", "id": "uno", "top": 473.03, "left": -368.57, "attrs": {} },
    {
      "type": "wokwi-stepper-motor",
      "id": "stepper1",
      "top": -247.04,
      "left": -17.89,
      "attrs": { "arrow": "yellow", "display": "angle", "label": "Right" }
    },
    {
      "type": "wokwi-stepper-motor",
      "id": "stepper2",
      "top": -222.27,
      "left": -802.45,
      "attrs": { "arrow": "blue", "display": "angle", "label": "Left" }
    },
    {
      "type": "wokwi-stepper-motor",
      "id": "stepper3",
      "top": 36.18,
      "left": -387,
      "attrs": { "arrow": "green", "display": "angle", "label": "Down" }
    },
    {
      "type": "wokwi-servo",
      "id": "servo1",
      "top": 9.08,
      "left": 167.02,
      "attrs": { "label": "Right", "hornColor": "Yellow" }
    },
    {
      "type": "wokwi-servo",
      "id": "servo2",
      "top": 13.81,
      "left": -653.2,
      "attrs": { "label": "Left", "hornColor": "Blue" }
    },
    {
      "type": "wokwi-servo",
      "id": "servo3",
      "top": 255.75,
      "left": -552.62,
      "attrs": { "label": "Down", "hornColor": "Green" }
    }
  ],
  "connections": [
    [ "uno:6", "stepper2:B-", "blue", [ "v-32", "h-5.1" ] ],
    [ "uno:7", "stepper2:B+", "pink", [ "v-27.37", "h-309.18" ] ],
    [ "uno:8", "stepper2:A+", "red", [ "v-22.19", "h-300.95" ] ],
    [ "uno:9", "stepper2:A-", "green", [ "v-16.36", "h-304.54" ] ],
    [ "uno:5", "stepper1:A-", "green", [ "v0" ] ],
    [ "uno:4", "stepper1:A+", "red", [ "v-127.16", "h193.43" ] ],
    [ "uno:3", "stepper1:B+", "pink", [ "v-115.53", "h191.68" ] ],
    [ "servo1:V+", "uno:5V", "red", [ "h-115.15", "v653.79", "h-11.76" ] ],
    [ "servo1:GND", "uno:GND.2", "black", [ "h-147.88", "v646.94", "h-168.55" ] ],
    [ "servo2:GND", "uno:GND.2", "black", [ "h-94.28", "v696.57", "h550.5", "v-1.36" ] ],
    [ "servo2:V+", "uno:5V", "red", [ "h-82.04", "v669.4", "h526.03" ] ],
    [ "servo2:PWM", "uno:A1", "yellow", [ "h-72.53", "v699.32", "h569.53" ] ],
    [ "servo3:GND", "uno:GND.1", "black", [ "h-96.99", "v264.33", "h396.9", "v-13.59" ] ],
    [ "servo3:V+", "uno:5V", "red", [ "h-77.96", "v383.96", "h17.67" ] ],
    [ "servo3:PWM", "uno:A2", "yellow", [ "h-22.23", "v487.28", "h444.48" ] ],
    [ "stepper3:B-", "uno:10", "blue", [ "v1.12", "h25.92" ] ],
    [ "stepper3:B+", "uno:11", "pink", [ "v15.04", "h3.44" ] ],
    [ "stepper3:A+", "uno:12", "red", [ "v30.71", "h1.72" ] ],
    [ "stepper3:A-", "uno:13", "green", [ "v42.25", "h1.83" ] ],
    [ "stepper1:B-", "uno:2", "blue", [ "v384.95", "h-243.55" ] ],
    [ "servo1:PWM", "uno:A0", "yellow", [ "h-30.34", "v708.68", "h-268.19" ] ]
  ]
}